Wall clock time [s],Components,Neighbors
1.6880943000000002,1.0,5.0
1.6037178,2.0,5.0
1.670636,3.0,5.0
1.737443700000001,4.0,5.0
3.7869355000000002,1.0,10.0
3.753749600000001,2.0,10.0
3.724791200000002,3.0,10.0
3.620853699999998,4.0,10.0
4.762757100000002,1.0,15.0
5.000368999999999,2.0,15.0
4.952382100000001,3.0,15.0
4.756298000000001,4.0,15.0
