Wall clock time [s],Components,Neighbors
0.5180940000000192,1.0,5.0
0.49576480000001766,2.0,5.0
0.4867211000000111,3.0,5.0
0.5217758000000003,4.0,5.0
0.9579785999999899,1.0,10.0
1.0289238999999952,2.0,10.0
1.0311658999999622,3.0,10.0
1.0345997999999668,4.0,10.0
1.114192800000012,1.0,15.0
1.1243350999999961,2.0,15.0
1.082784800000013,3.0,15.0
1.1077193999999508,4.0,15.0
