Wall clock time [s],Components,Neighbors
3.9495856179855764,1.0,5.0
3.8289288410451263,2.0,5.0
3.9341629080008715,3.0,5.0
3.939308493048884,4.0,5.0
7.821885945973918,1.0,10.0
8.072639802936465,2.0,10.0
7.70728860097006,3.0,10.0
7.909362112055533,4.0,10.0
9.665892742923461,1.0,15.0
10.168702387949452,2.0,15.0
10.257319195079617,3.0,15.0
10.330469318083487,4.0,15.0
