Wall clock time [s],Components,Neighbors
15.966446587000974,1.0,5.0
16.414671762031503,2.0,5.0
16.34623772103805,3.0,5.0
16.493986536050215,4.0,5.0
16.907727814046666,1.0,10.0
16.404141897917725,2.0,10.0
16.652024928946048,3.0,10.0
16.56288321001921,4.0,10.0
16.580056075938046,1.0,15.0
16.598797667073086,2.0,15.0
16.693496631924063,3.0,15.0
16.544283041963354,4.0,15.0
