Wall clock time [s],Components,Neighbors
1.4842365999999743,1.0,5.0
1.5208830999999918,2.0,5.0
1.5131481999999892,3.0,5.0
1.5263100000000236,4.0,5.0
1.5559001999999964,1.0,10.0
1.553309200000001,2.0,10.0
1.5516341999999668,3.0,10.0
1.5904247999999939,4.0,10.0
1.6374693000000207,1.0,15.0
1.6127402999999845,2.0,15.0
1.6076503999999545,3.0,15.0
1.894984299999976,4.0,15.0
