Wall clock time [s],Components,Neighbors
9.8267734,1.0,5.0
9.8558563,2.0,5.0
9.915165799999997,3.0,5.0
10.338305000000005,4.0,5.0
9.920011700000003,1.0,10.0
9.872263999999987,2.0,10.0
9.890936299999993,3.0,10.0
10.3856337,4.0,10.0
9.990452599999998,1.0,15.0
10.306478599999991,2.0,15.0
10.2247993,3.0,15.0
10.68318290000002,4.0,15.0
